{"4": 0.003048071738041891, "6": 0.0011181703730507309, "8": 0.0021397754079970355, "10": 0.0016645916024851104, "12": 0.0015112381177955214}