{"result":{"phi_0_2_1_4":1.000000,
"phi_0_2_1_5":1.000000,
"phi_0_3_1_2":1.000000,
"phi_0_4_1_4":1.000000,
"phi_0_4_1_5":1.000000,
"phi_0_5_1_5":1.000000,
"phi_3_8_4_1":1.000000,
"phi_3_8_5_1":1.000000,
"phi_4_8_2_1":1.000000,
"phi_4_8_4_1":1.000000,
"phi_4_8_5_1":1.000000,
"phi_5_8_5_1":1.000000,
"phi_2_3_4_4":1.000000,
"phi_2_3_5_5":1.000000,
"phi_3_4_2_2":1.000000}}