hit_id,x,y,z,volume_id,layer_id,module_id,particle_id
46744,-0.0559788,-46.2764,598.0,9,2,25,6.305197533115187e+16
49772,-0.164007,-54.0218,698.0,9,4,25,6.305197533115187e+16
52822,-0.340271,-63.2715,818.0,9,6,25,6.305197533115187e+16
55702,-0.585066,-74.0292,958.0,9,8,25,6.305197533115187e+16
58184,-0.933966,-84.8351,1098.0,9,10,25,6.305197533115187e+16
60269,-1.54507,-100.247,1298.0,9,12,25,6.305197533115187e+16
62097,-2.28669,-115.642,1498.0,9,14,29,6.305197533115187e+16
