{
    "((0, 1), (1, 2))": 0.004531943659755771,
    "((0, 1), (1, 3))": 0.002769551823265624,
    "((0, 1), (1, 4))": 0.001994069933821416,
    "((0, 2), (2, 3))": 0.002769553455319345,
    "((0, 2), (2, 4))": 0.001994070917031947,
    "((1, 2), (2, 3))": 0.003834809724463181,
    "((1, 2), (2, 4))": 0.002492606775560543,
    "((1, 2), (2, 5))": 0.0016617315517661925,
    "((0, 3), (3, 4))": 0.0019940687214002393,
    "((1, 3), (3, 4))": 0.002492603303832768,
    "((1, 3), (3, 5))": 0.0016617291483705897,
    "((2, 3), (3, 4))": 0.0035608678514149283,
    "((2, 3), (3, 5))": 0.0020771638411448694,
    "((2, 3), (3, 6))": 0.0014662297410737144,
    "((1, 4), (4, 5))": 0.0016617303466459853,
    "((2, 4), (4, 5))": 0.002077166423891798,
    "((2, 4), (4, 6))": 0.0014662318636072163,
    "((3, 4), (4, 5))": 0.002932455824312319,
    "((3, 4), (4, 6))": 0.0018463632187482835,
    "((2, 5), (5, 6))": 0.0014662327052287034,
    "((3, 5), (5, 6))": 0.0018463633113017925,
    "((4, 5), (5, 6))": 0.002492600193717037
}