{
    "((0, 19), (19, 35))": 0.004539343159916388,
    "((1, 21), (21, 34))": 0.004538097346424604,
    "((2, 20), (20, 36))": 0.0045379548259098625,
    "((3, 23), (23, 38))": 0.004520230718401884,
    "((4, 22), (22, 37))": 0.004528105554593211,
    "((5, 24), (24, 39))": 0.004518010439966065,
    "((6, 26), (26, 40))": 0.004539240285866987,
    "((7, 27), (27, 41))": 0.0045397465271179716,
    "((8, 25), (25, 42))": 0.004529941431321686,
    "((9, 28), (28, 43))": 0.00453057815531922,
    "((10, 30), (30, 46))": 0.004537774591688275,
    "((11, 29), (29, 45))": 0.004522416201397363,
    "((12, 31), (31, 44))": 0.004538704600196253,
    "((13, 32), (32, 47))": 0.004522166074237228,
    "((14, 33), (33, 48))": 0.004539540153271949,
    "((16, 31), (31, 36))": 0.0037540776689580953,
    "((0, 19), (19, 51))": 0.002774048099812327,
    "((1, 21), (21, 53))": 0.0027733077498080104,
    "((2, 20), (20, 52))": 0.002773199269260066,
    "((3, 23), (23, 54))": 0.0027622620777131347,
    "((4, 22), (22, 55))": 0.002767149771701164,
    "((5, 24), (24, 56))": 0.0027607865400995574,
    "((6, 26), (26, 59))": 0.0027739804151995923,
    "((7, 27), (27, 57))": 0.002774276407933253,
    "((8, 25), (25, 58))": 0.0027682865215094784,
    "((9, 28), (28, 60))": 0.002768702429982329,
    "((10, 30), (30, 62))": 0.00277309230926003,
    "((11, 29), (29, 61))": 0.00276360817420933,
    "((12, 31), (31, 63))": 0.0027736447108689887,
    "((13, 32), (32, 64))": 0.0027634217973884247,
    "((14, 33), (33, 65))": 0.002774157858005656,
    "((0, 19), (19, 69))": 0.0019973029175393378,
    "((1, 21), (21, 68))": 0.001996789380707159,
    "((2, 20), (20, 67))": 0.0019966861515495825,
    "((3, 23), (23, 71))": 0.0019887330664571656,
    "((4, 22), (22, 70))": 0.0019923480949515042,
    "((5, 24), (24, 72))": 0.0019875556495411706,
    "((6, 26), (26, 75))": 0.001997265364321724,
    "((7, 27), (27, 74))": 0.0019974644725839867,
    "((8, 25), (25, 73))": 0.0019931708575590132,
    "((9, 28), (28, 76))": 0.0019934655108180916,
    "((10, 30), (30, 78))": 0.0019966174852214984,
    "((11, 29), (29, 79))": 0.001989768127052304,
    "((12, 31), (31, 77))": 0.001997019424009948,
    "((13, 32), (32, 80))": 0.001989610027267526,
    "((14, 33), (33, 81))": 0.0019974024015801187,
    "((0, 35), (35, 51))": 0.00277403606627546,
    "((1, 34), (34, 53))": 0.0027733171817103993,
    "((2, 36), (36, 52))": 0.002773190731630774,
    "((3, 38), (38, 54))": 0.002762231003155051,
    "((4, 37), (37, 55))": 0.002767161732095037,
    "((5, 39), (39, 56))": 0.0027608147822331093,
    "((6, 40), (40, 59))": 0.0027739832104875547,
    "((6, 41), (41, 57))": 0.002772148552368651,
    "((7, 41), (41, 57))": 0.0027742781549011664,
    "((8, 42), (42, 58))": 0.002768278262637125,
    "((9, 43), (43, 60))": 0.002768701061734735,
    "((10, 46), (46, 62))": 0.0027730978642223764,
    "((11, 45), (45, 61))": 0.002763609601181161,
    "((12, 44), (44, 63))": 0.0027736458362538703,
    "((13, 47), (47, 64))": 0.0027634071502599983,
    "((14, 48), (48, 65))": 0.0027741582016094866,
    "((17, 46), (46, 62))": 0.00276984996313361,
    "((0, 35), (35, 69))": 0.0019972954062081627,
    "((1, 34), (34, 68))": 0.0019967971204765344,
    "((2, 36), (36, 67))": 0.001996678042508085,
    "((3, 38), (38, 71))": 0.001988692955831652,
    "((4, 37), (37, 70))": 0.0019923594608762273,
    "((5, 39), (39, 72))": 0.0019875597317561746,
    "((6, 40), (40, 75))": 0.001997267593415304,
    "((6, 41), (41, 74))": 0.001995983462821176,
    "((7, 41), (41, 74))": 0.0019974653572915426,
    "((8, 42), (42, 73))": 0.0019931638773236547,
    "((9, 43), (43, 76))": 0.001993464348926997,
    "((10, 46), (46, 78))": 0.0019966220533704426,
    "((11, 45), (45, 79))": 0.001989779556694205,
    "((12, 44), (44, 77))": 0.0019970203521545568,
    "((13, 47), (47, 80))": 0.001989598928694552,
    "((14, 48), (48, 81))": 0.001997403149515932,
    "((17, 46), (46, 78))": 0.0019946108857127826,
    "((19, 35), (35, 51))": 0.0038409872475447097,
    "((20, 36), (36, 52))": 0.003839819032767547,
    "((21, 34), (34, 53))": 0.0038399993223450102,
    "((22, 37), (37, 55))": 0.0038314912699596066,
    "((23, 38), (38, 54))": 0.0038247202446361765,
    "((24, 39), (39, 56))": 0.003822773881921827,
    "((25, 42), (42, 58))": 0.003832963194512469,
    "((26, 40), (40, 59))": 0.003840907785726636,
    "((27, 41), (41, 57))": 0.003841312382720969,
    "((28, 43), (43, 60))": 0.0038335981494816594,
    "((29, 45), (45, 61))": 0.0038266557205494296,
    "((30, 46), (46, 62))": 0.003839665042731261,
    "((31, 44), (44, 63))": 0.0038404338329705483,
    "((32, 47), (47, 64))": 0.0038262059419300505,
    "((33, 48), (48, 65))": 0.0038411554318639883,
    "((19, 35), (35, 69))": 0.0024966283039238404,
    "((20, 36), (36, 67))": 0.0024958507200658667,
    "((21, 34), (34, 68))": 0.0024960145845617787,
    "((22, 37), (37, 70))": 0.002490482711247379,
    "((23, 38), (38, 71))": 0.0024859627981677524,
    "((24, 39), (39, 72))": 0.0024845807557141997,
    "((25, 42), (42, 73))": 0.002491444504351693,
    "((26, 40), (40, 75))": 0.0024965892031941876,
    "((27, 41), (41, 74))": 0.0024968324928119796,
    "((28, 43), (43, 76))": 0.0024918360203970303,
    "((29, 45), (45, 79))": 0.002487328408319238,
    "((30, 46), (46, 78))": 0.002495773054908988,
    "((31, 44), (44, 77))": 0.0024962751847319004,
    "((32, 47), (47, 80))": 0.0024869794246668367,
    "((33, 48), (48, 81))": 0.002496762740301701,
    "((19, 35), (35, 83))": 0.0016620818769796188,
    "((19, 35), (35, 84))": 0.001664399778420524,
    "((20, 36), (36, 82))": 0.001663882891861756,
    "((21, 34), (34, 83))": 0.0016640130997513873,
    "((21, 34), (34, 84))": 0.0016636353521512133,
    "((22, 37), (37, 86))": 0.0016602790371209033,
    "((23, 38), (38, 85))": 0.0016571044994223851,
    "((24, 39), (39, 87))": 0.0016561248444786551,
    "((25, 42), (42, 88))": 0.0016609941383211276,
    "((26, 40), (40, 90))": 0.001664397694369718,
    "((27, 41), (41, 89))": 0.0016645278216752617,
    "((28, 43), (43, 91))": 0.0016612269580146422,
    "((29, 45), (45, 94))": 0.0016581553539451641,
    "((30, 46), (46, 93))": 0.001663853410099017,
    "((31, 44), (44, 92))": 0.0016641858165134284,
    "((32, 47), (47, 95))": 0.0016579266617409113,
    "((33, 48), (48, 96))": 0.0016644977508850263,
    "((0, 51), (51, 69))": 0.001997303297281513,
    "((0, 53), (53, 68))": 0.001994604365062612,
    "((1, 51), (51, 69))": 0.0019967038246252898,
    "((1, 53), (53, 68))": 0.001996796362609199,
    "((2, 52), (52, 67))": 0.001996678789294256,
    "((2, 53), (53, 68))": 0.0019952933461859024,
    "((3, 54), (54, 71))": 0.0019886642435606393,
    "((4, 55), (55, 70))": 0.001992363589097626,
    "((5, 56), (56, 72))": 0.0019874826564116313,
    "((6, 57), (57, 74))": 0.001997035501413019,
    "((6, 59), (59, 75))": 0.0019972672042712293,
    "((7, 57), (57, 74))": 0.001997463851031862,
    "((7, 59), (59, 75))": 0.0019962255505330314,
    "((8, 58), (58, 73))": 0.001993169007298616,
    "((9, 60), (60, 76))": 0.001993464560111174,
    "((10, 62), (62, 78))": 0.001996621048874596,
    "((10, 63), (63, 77))": 0.0019964505608042627,
    "((11, 61), (61, 79))": 0.0019898133075015537,
    "((12, 62), (62, 78))": 0.0019949182911034374,
    "((12, 63), (63, 77))": 0.0019970197496656764,
    "((13, 64), (64, 80))": 0.001989605131398304,
    "((14, 65), (65, 81))": 0.0019974025891318736,
    "((17, 62), (62, 78))": 0.0019954642260004976,
    "((17, 63), (63, 77))": 0.0019958036396027713,
    "((19, 51), (51, 69))": 0.0024966400947449416,
    "((20, 52), (52, 67))": 0.002495855041777973,
    "((21, 53), (53, 68))": 0.002496012619486988,
    "((22, 55), (55, 70))": 0.0024904829725679823,
    "((23, 54), (54, 71))": 0.0024859415679235014,
    "((24, 56), (56, 72))": 0.002484488828326088,
    "((25, 58), (58, 73))": 0.0024914538691885395,
    "((26, 57), (57, 74))": 0.002494787974822331,