{"4": 0.5529272866421139, "6": 0.4786262369595108, "8": 1.5003592151020382, "10": 0.8526122600541998, "12": 1.5466734529296395}