{
    "((0, 2), (2, 4))": 0.0045379548259098625,
    "((0, 2), (2, 5))": 0.00018534634868392567,
    "((0, 3), (3, 5))": 0.0005320929736371733,
    "((1, 2), (2, 4))": 0.00046730335451663927,
    "((1, 3), (3, 4))": 0.0001568494570018111,
    "((1, 3), (3, 5))": 0.004522043501723029,
    "((0, 2), (2, 6))": 0.002773199269260066,
    "((0, 2), (2, 7))": 0.0008419962525664554,
    "((0, 3), (3, 6))": 4.816292536146535e-07,
    "((0, 3), (3, 7))": 0.0003481871797411762,
    "((1, 2), (2, 6))": 0.00030465554938655744,
    "((1, 2), (2, 7))": 3.452730667175836e-07,
    "((1, 3), (3, 6))": 0.0008228846826011831,
    "((1, 3), (3, 7))": 0.002763445940096188,
    "((0, 2), (2, 8))": 0.0019966861515495825,
    "((0, 2), (2, 9))": 0.000995414169510971,
    "((0, 3), (3, 8))": 3.922257196166251e-06,
    "((0, 3), (3, 9))": 0.0002587252616118396,
    "((1, 2), (2, 8))": 0.00022622884339257155,
    "((1, 2), (2, 9))": 2.937517050167339e-06,
    "((1, 3), (3, 8))": 0.0009925872805600744,
    "((1, 3), (3, 9))": 0.0019896708011921515,
    "((0, 4), (4, 6))": 0.002773190731630774,
    "((0, 4), (4, 7))": 0.00011820936917083522,
    "((0, 5), (5, 6))": 4.0175026360435733e-07,
    "((0, 5), (5, 7))": 0.001476250837287105,
    "((1, 4), (4, 6))": 0.0014547918261460962,
    "((1, 4), (4, 7))": 5.379140708197163e-07,
    "((1, 5), (5, 6))": 9.925432735786225e-05,
    "((1, 5), (5, 7))": 0.002763457451840405,
    "((0, 4), (4, 8))": 0.001996678042508085,
    "((0, 4), (4, 9))": 0.0005397627721496659,
    "((0, 5), (5, 8))": 3.039940302668037e-05,
    "((0, 5), (5, 9))": 0.0010851051588049976,
    "((1, 4), (4, 8))": 0.0010674848097967705,
    "((1, 4), (4, 9))": 3.058273843469912e-05,
    "((1, 5), (5, 8))": 0.0005208962546665917,
    "((1, 5), (5, 9))": 0.001989679985986617,
    "((0, 4), (4, 10))": 0.001426184414855272,
    "((0, 4), (4, 11))": 0.0007310039353301134,
    "((0, 5), (5, 10))": 9.645177877714697e-05,
    "((0, 5), (5, 11))": 0.0007871839928450286,
    "((1, 4), (4, 10))": 0.0007730158163268805,
    "((1, 4), (4, 11))": 9.298850804837022e-05,
    "((1, 5), (5, 10))": 0.000726970592933297,
    "((1, 5), (5, 11))": 0.0014211936294221254,
    "((0, 6), (6, 8))": 0.001996678789294256,
    "((0, 6), (6, 9))": 4.626839996407093e-05,
    "((0, 7), (7, 8))": 1.1694254178184887e-06,
    "((0, 7), (7, 9))": 0.0015257761462901848,
    "((1, 6), (6, 8))": 0.0015309706738607367,
    "((1, 6), (6, 9))": 1.7093428062268197e-06,
    "((1, 7), (7, 8))": 3.632333950577724e-05,
    "((1, 7), (7, 9))": 0.0019896788395707805,
    "((0, 6), (6, 10))": 0.0014261850428676827,
    "((0, 6), (6, 11))": 0.0004142069301322328,
    "((0, 7), (7, 10))": 8.782326495316377e-05,
    "((0, 7), (7, 11))": 0.0011029264652962407,
    "((1, 6), (6, 10))": 0.0011041701053287611,
    "((1, 6), (6, 11))": 9.10727784640618e-05,
    "((1, 7), (7, 10))": 0.00039989758400344545,
    "((1, 7), (7, 11))": 0.0014211940028460335,
    "((0, 6), (6, 12))": 0.0011092384875377999,
    "((0, 6), (6, 13))": 0.0005533432093824264,
    "((0, 7), (7, 12))": 0.00017819772216265604,
    "((0, 7), (7, 13))": 0.0008637565181665052,
    "((1, 6), (6, 12))": 0.0008635964930209396,
    "((1, 6), (6, 13))": 0.00017819146763281885,
    "((1, 7), (7, 12))": 0.0005485942556260512,
    "((1, 7), (7, 13))": 0.001105360057612151,
    "((2, 4), (4, 6))": 0.003839819032767547,
    "((2, 4), (4, 7))": 0.00015512533570704917,
    "((2, 5), (5, 7))": 0.0004881759403881742,
    "((3, 4), (4, 6))": 0.0004325804173726335,
    "((3, 5), (5, 6))": 0.00013044452436077454,
    "((3, 5), (5, 7))": 0.0038262893070880283,
    "((2, 4), (4, 8))": 0.0024958507200658667,
    "((2, 4), (4, 9))": 0.0006622794755757426,
    "((2, 5), (5, 8))": 2.866659753126072e-07,
    "((2, 5), (5, 9))": 0.0003368199031244607,
    "((3, 4), (4, 8))": 0.0002979628107667582,
    "((3, 4), (4, 9))": 2.1227364494808288e-07,
    "((3, 5), (5, 8))": 0.0006402197559222075,
    "((3, 5), (5, 9))": 0.0024870879882258634,
    "((2, 4), (4, 10))": 0.001663882891861756,
    "((2, 4), (4, 11))": 0.0008469893537307441,
    "((2, 5), (5, 10))": 4.335277607424356e-06,
    "((2, 5), (5, 11))": 0.00023344378060441307,
    "((3, 4), (4, 10))": 0.00020609910340133137,
    "((3, 4), (4, 11))": 3.332049413607057e-06,
    "((3, 5), (5, 10))": 0.0008432126541555844,
    "((3, 5), (5, 11))": 0.00165805665244379,
    "((2, 6), (6, 8))": 0.002495855041777973,
    "((2, 6), (6, 9))": 5.5985910418494974e-05,
    "((2, 7), (7, 8))": 5.5621474913408306e-08,
    "((2, 7), (7, 9))": 0.0013409866395158085,
    "((3, 6), (6, 8))": 0.0013262101604526598,
    "((3, 6), (6, 9))": 9.13459933855485e-08,
    "((3, 7), (7, 8))": 4.396156652134837e-05,
    "((3, 7), (7, 9))": 0.0024870847250745174,
    "((2, 6), (6, 10))": 0.001663887127630033,
    "((2, 6), (6, 11))": 0.00047829258178370233,
    "((2, 7), (7, 10))": 3.0432324940001673e-05,
    "((2, 7), (7, 11))": 0.0009172950242790725,
    "((3, 6), (6, 10))": 0.0009040880148478545,
    "((3, 6), (6, 11))": 3.062219863642462e-05,
    "((3, 7), (7, 10))": 0.0004622014740815945,
    "((3, 7), (7, 11))": 0.0016580549478236227,
    "((2, 6), (6, 12))": 0.0012478969854462598,
    "((2, 6), (6, 13))": 0.0006195246610561411,
    "((2, 7), (7, 12))": 8.071730284352803e-05,
    "((2, 7), (7, 13))": 0.0006972708150092736,
    "((3, 6), (6, 12))": 0.0006859740778041304,
    "((3, 6), (6, 13))": 7.822758280700161e-05,
    "((3, 7), (7, 12))": 0.0006146547660549358,
    "((3, 7), (7, 13))": 0.0012435280822236273,
    "((2, 8), (8, 10))": 0.0016638880566935946,
    "((2, 8), (8, 11))": 9.169440646386553e-05,
    "((2, 9), (9, 10))": 4.457517027316614e-06,
    "((2, 9), (9, 11))": 0.0012446782879096752,
    "((3, 8), (8, 10))": 0.001246982843369157,
    "((3, 8), (8, 11))": 5.6004843560504e-06,
    "((3, 9), (9, 10))": 7.824455037618685e-05,
    "((3, 9), (9, 11))": 0.0016580569146722875,
    "((2, 8), (8, 12))": 0.0012478975025469327,
    "((2, 8), (8, 13))": 0.00037684872693818504,
    "((2, 9), (9, 12))": 7.545049114588933e-05,
    "((2, 9), (9, 13))": 0.0009435293651461336,
    "((3, 8), (8, 12))": 0.0009435019137687718,
    "((3, 8), (8, 13))": 7.780758838387933e-05,
    "((3, 9), (9, 12))": 0.00036488028415230253,
    "((3, 9), (9, 13))": 0.001243529395960247,
    "((4, 6), (6, 8))": 0.003565507623987237,
    "((4, 6), (6, 9))": 7.476743555940197e-05,
    "((4, 7), (7, 9))": 0.0004419715710313339,
    "((5, 6), (6, 8))": 0.0003928418398403794,
    "((5, 7), (7, 8))": 5.8919028928987884e-05,
    "((5, 7), (7, 9))": 0.003552978896674345,
    "((4, 6), (6, 10))": 0.00207986536296724,
    "((4, 6), (6, 11))": 0.0005870773521186564,
    "((4, 7), (7, 10))": 3.14172767551279e-07,
    "((4, 7), (7, 11))": 0.00027848763882824134,
    "((5, 6), (6, 10))": 0.00024635829814497026,
    "((5, 6), (6, 11))": 2.3320588657426363e-07,
    "((5, 7), (7, 10))": 0.0005689409382953724,
    "((5, 7), (7, 11))": 0.002072569672419736,
    "((4, 6), (6, 12))": 0.0014681220012355046,
    "((4, 6), (6, 13))": 0.0007231303503391731,
    "((4, 7), (7, 12))": 3.2006430467746785e-06,
    "((4, 7), (7, 13))": 0.0002034231478604161,
    "((5, 6), (6, 12))": 0.00017953635818454818,
    "((5, 6), (6, 13))": 2.450465657333525e-06,
    "((5, 7), (7, 12))": 0.0007188491290691751,
    "((5, 7), (7, 13))": 0.0014629732614833228,
    "((4, 8), (8, 10))": 0.0020798649873476106,
    "((4, 8), (8, 11))": 0.00011130927001450427,
    "((4, 9), (9, 10))": 3.3690867452195083e-07,
    "((4, 9), (9, 11))": 0.0010236918279895595,
    "((5, 8), (8, 10))": 0.0010052937408249292,
    "((5, 8), (8, 11))": 4.301243780034408e-07,
    "((5, 9), (9, 10))": 9.523772656033799e-05,
    "((5, 9), (9, 11))": 0.002072572613440967,
    "((4, 8), (8, 12))": 0.001468121153053716,
    "((4, 8), (8, 13))": 0.00043834539974598125,
    "((4, 9), (9, 12))": 2.191808249884591e-05,
    "((4, 9), (9, 13))": 0.00073989717375916,
    "((5, 8), (8, 12))": 0.000724569068862699,
    "((5, 8), (8, 13))": 2.167181350883306e-05,