{
    "((0, 2), (2, 4))": 0.0045379548259098625,
    "((1, 3), (3, 5))": 0.004522043501723029,
    "((0, 2), (2, 6))": 0.002773199269260066,
    "((1, 3), (3, 7))": 0.002763445940096188,
    "((0, 2), (2, 8))": 0.0019966861515495825,
    "((1, 3), (3, 9))": 0.0019896708011921515,
    "((0, 4), (4, 6))": 0.002773190731630774,
    "((1, 5), (5, 7))": 0.002763457451840405,
    "((0, 4), (4, 8))": 0.001996678042508085,
    "((1, 5), (5, 9))": 0.001989679985986617,
    "((2, 4), (4, 6))": 0.003839819032767547,
    "((3, 5), (5, 7))": 0.0038262893070880283,
    "((2, 4), (4, 8))": 0.0024958507200658667,
    "((3, 5), (5, 9))": 0.0024870879882258634,
    "((2, 4), (4, 10))": 0.001663882891861756,
    "((3, 5), (5, 11))": 0.00165805665244379,
    "((0, 6), (6, 8))": 0.001996678789294256,
    "((1, 7), (7, 9))": 0.0019896788395707805,
    "((2, 6), (6, 8))": 0.002495855041777973,
    "((3, 7), (7, 9))": 0.0024870847250745174,
    "((2, 6), (6, 10))": 0.001663887127630033,
    "((3, 7), (7, 11))": 0.0016580549478236227,
    "((4, 6), (6, 8))": 0.003565507623987237,
    "((5, 7), (7, 9))": 0.003552978896674345,
    "((4, 6), (6, 10))": 0.00207986536296724,
    "((5, 7), (7, 11))": 0.002072569672419736,
    "((4, 6), (6, 12))": 0.0014681220012355046,
    "((5, 7), (7, 13))": 0.0014629732614833228,
    "((2, 8), (8, 10))": 0.0016638880566935946,
    "((3, 9), (9, 11))": 0.0016580569146722875,
    "((4, 8), (8, 10))": 0.0020798649873476106,
    "((5, 9), (9, 11))": 0.002072572613440967,
    "((4, 8), (8, 12))": 0.001468121153053716,
    "((5, 9), (9, 13))": 0.0014629754790460112,
    "((6, 8), (8, 10))": 0.002936269861467887,
    "((7, 9), (9, 11))": 0.0029259910414898204,
    "((6, 8), (8, 12))": 0.0018487443058414633,
    "((7, 9), (9, 13))": 0.0018422659397231496,
    "((4, 10), (10, 12))": 0.0014681203795433879,
    "((5, 11), (11, 13))": 0.0014629739587578312,
    "((6, 10), (10, 12))": 0.0018487439312591418,
    "((7, 11), (11, 13))": 0.0018422633396731785,
    "((8, 10), (10, 12))": 0.002495815665985562,
    "((9, 11), (11, 13))": 0.002487045761845926
}