{"4": 0.004097454105282949, "6": 0.0017285518866572147, "8": 0.007146949190675045, "10": 0.0031179006973669487, "12": 0.004165159299596155}