{
    "((0, 7), (7, 13))": 0.004538061681118837,
    "((1, 6), (6, 12))": 0.00453849671948688,
    "((2, 9), (9, 15))": 0.004539240285866987,
    "((3, 8), (8, 14))": 0.0045248579712844,
    "((4, 10), (10, 16))": 0.004532724538247744,
    "((5, 11), (11, 17))": 0.0045298644669897565,
    "((0, 7), (7, 19))": 0.002773258644738357,
    "((1, 6), (6, 18))": 0.002773509816824487,
    "((2, 9), (9, 21))": 0.0027739804151995923,
    "((3, 8), (8, 20))": 0.002765245436552925,
    "((4, 10), (10, 22))": 0.00276999626234302,
    "((5, 11), (11, 23))": 0.0027682675947744532,
    "((0, 7), (7, 25))": 0.001996731401861825,
    "((1, 6), (6, 24))": 0.0019969173010387117,
    "((2, 9), (9, 26))": 0.001997265364321724,
    "((3, 8), (8, 27))": 0.0019910035352529044,
    "((4, 10), (10, 28))": 0.0019943927353079606,
    "((5, 11), (11, 29))": 0.0019931377775691825,
    "((0, 13), (13, 19))": 0.002773258460595759,
    "((1, 12), (12, 18))": 0.0027735135414092243,
    "((2, 15), (15, 21))": 0.0027739832104875547,
    "((3, 14), (14, 20))": 0.0027652424451930003,
    "((4, 16), (16, 22))": 0.002769996788368197,
    "((5, 17), (17, 23))": 0.002768267061666989,
    "((0, 13), (13, 25))": 0.0019967303671914074,
    "((1, 12), (12, 24))": 0.0019969202655932025,
    "((2, 15), (15, 26))": 0.001997267593415304,
    "((3, 14), (14, 27))": 0.0019910005830298377,
    "((4, 16), (16, 28))": 0.001994394429905863,
    "((5, 17), (17, 29))": 0.001993136283100921,
    "((6, 12), (12, 18))": 0.0038402337355855957,
    "((7, 13), (13, 19))": 0.0038398792210417414,
    "((8, 14), (14, 20))": 0.0038288395871260315,
    "((9, 15), (15, 21))": 0.003840907785726636,
    "((10, 16), (16, 22))": 0.003835385176608582,
    "((11, 17), (17, 23))": 0.0038329937290580993,
    "((6, 12), (12, 24))": 0.0024961441104224273,
    "((7, 13), (13, 25))": 0.0024959028984096444,
    "((8, 14), (14, 27))": 0.002488782137428056,
    "((9, 15), (15, 26))": 0.0024965892031941876,
    "((10, 16), (16, 28))": 0.0024930021554203157,
    "((11, 17), (17, 29))": 0.0024914188602463776,
    "((6, 12), (12, 31))": 0.0016640936669691222,
    "((7, 13), (13, 30))": 0.0016639321685969284,
    "((8, 14), (14, 33))": 0.001659199874507714,
    "((9, 15), (15, 32))": 0.001664397694369718,
    "((10, 16), (16, 34))": 0.001662006988526864,
    "((11, 17), (17, 35))": 0.0016609376194411667,
    "((0, 19), (19, 25))": 0.001996727213526051,
    "((1, 18), (18, 24))": 0.0019969180850545154,
    "((2, 21), (21, 26))": 0.0019972672042712293,
    "((3, 20), (20, 27))": 0.001991000220334136,
    "((4, 22), (22, 28))": 0.0019943994425212557,
    "((5, 23), (23, 29))": 0.001993132944724347,
    "((6, 18), (18, 24))": 0.0024961409483012045,
    "((7, 19), (19, 25))": 0.0024958998855974905,
    "((8, 20), (20, 27))": 0.0024887828118862307,
    "((9, 21), (21, 26))": 0.0024965884053850195,
    "((10, 22), (22, 28))": 0.0024930068762587,
    "((11, 23), (23, 29))": 0.0024914151027575506,
    "((6, 18), (18, 31))": 0.0016640910290430556,
    "((7, 19), (19, 30))": 0.0016639307458058698,
    "((8, 20), (20, 33))": 0.0016592016997839926,
    "((9, 21), (21, 32))": 0.0016643969861661878,
    "((10, 22), (22, 34))": 0.001662011084489409,
    "((11, 23), (23, 35))": 0.0016609361295495428,
    "((12, 18), (18, 24))": 0.0035659065008151816,
    "((13, 19), (19, 25))": 0.0035655724579635043,
    "((14, 20), (20, 27))": 0.003555485195204318,
    "((15, 21), (21, 26))": 0.003566552277184248,
    "((16, 22), (22, 28))": 0.0035614687214470283,
    "((17, 23), (23, 29))": 0.0035591633003195632,
    "((12, 18), (18, 31))": 0.0020801111523231683,
    "((13, 19), (19, 30))": 0.002079915940449396,
    "((14, 20), (20, 33))": 0.0020740398964422275,
    "((15, 21), (21, 32))": 0.002080497154913143,
    "((16, 22), (22, 34))": 0.002077535583493341,
    "((17, 23), (23, 35))": 0.00207616822706881,
    "((12, 18), (18, 37))": 0.0014683087393776956,
    "((13, 19), (19, 36))": 0.0014681729488679124,
    "((14, 20), (20, 39))": 0.00146404759303291,
    "((15, 21), (21, 38))": 0.001468583138254106,
    "((16, 22), (22, 40))": 0.0014664898876607883,
    "((17, 23), (23, 41))": 0.001465523152599507,
    "((6, 24), (24, 31))": 0.0016640917826354642,
    "((7, 25), (25, 30))": 0.001663932413065439,
    "((8, 27), (27, 33))": 0.0016592053992405978,
    "((9, 26), (26, 32))": 0.0016643970614420788,
    "((10, 28), (28, 34))": 0.0016620119698541845,
    "((11, 29), (29, 35))": 0.0016609386348314774,
    "((12, 24), (24, 31))": 0.0020801131446300664,
    "((13, 25), (25, 30))": 0.0020799184421061235,
    "((14, 27), (27, 33))": 0.0020740431301056123,
    "((15, 26), (26, 32))": 0.002080497509571738,
    "((16, 28), (28, 34))": 0.0020775350975391913,
    "((17, 29), (29, 35))": 0.002076171902664829,
    "((12, 24), (24, 37))": 0.0014683106715858273,
    "((13, 25), (25, 36))": 0.0014681748387908242,
    "((14, 27), (27, 39))": 0.0014640506844070926,
    "((15, 26), (26, 38))": 0.0014685837007441893,
    "((16, 28), (28, 40))": 0.0014664893870721797,
    "((17, 29), (29, 41))": 0.0014655260077022032,
    "((18, 24), (24, 31))": 0.0029366347381922686,
    "((19, 25), (25, 30))": 0.0029363482877315084,
    "((20, 27), (27, 33))": 0.0029280910792460076,
    "((21, 26), (26, 32))": 0.002937180170476324,
    "((22, 28), (28, 34))": 0.0029330116713861035,
    "((23, 29), (29, 35))": 0.0029310411348640424,
    "((18, 24), (24, 37))": 0.001848987212415084,
    "((19, 25), (25, 36))": 0.0018488131545957595,
    "((20, 27), (27, 39))": 0.0018436427276169673,
    "((21, 26), (26, 38))": 0.0018493298160099873,
    "((22, 28), (28, 40))": 0.0018467037689148206,
    "((23, 29), (29, 41))": 0.0018454664012626284,
    "((12, 31), (31, 37))": 0.0014683119472361599,
    "((13, 30), (30, 36))": 0.0014681748361883456,
    "((14, 33), (33, 39))": 0.0014640519912320943,
    "((15, 32), (32, 38))": 0.0014685842564537204,
    "((16, 34), (34, 40))": 0.001466489147895866,
    "((17, 35), (35, 41))": 0.0014655265474290203,
    "((18, 31), (31, 37))": 0.0018489876866250306,
    "((19, 30), (30, 36))": 0.0018488126195309468,
    "((20, 33), (33, 39))": 0.001843642591811999,
    "((21, 31), (31, 36))": 0.0018395987013876257,
    "((21, 32), (32, 38))": 0.0018493299797362347,
    "((22, 34), (34, 40))": 0.0018467034509101804,
    "((23, 35), (35, 41))": 0.0018454662537604053,
    "((24, 31), (31, 37))": 0.0024961364405852947,
    "((25, 30), (30, 36))": 0.0024959092547631465,
    "((26, 32), (32, 38))": 0.002496597676806081,
    "((27, 33), (33, 39))": 0.0024889361598476206,
    "((28, 34), (34, 40))": 0.002493068532341696,
    "((29, 35), (35, 41))": 0.0024913813661468966
}