{
    "((0, 6), (6, 16))": 0.004539400619233393,
    "((1, 7), (7, 17))": 0.0045327631182581415,
    "((2, 9), (9, 19))": 0.0045348920297005844,
    "((3, 8), (8, 18))": 0.00453849671948688,
    "((4, 10), (10, 20))": 0.004532713289145767,
    "((5, 11), (11, 21))": 0.004537326153060726,
    "((0, 6), (6, 23))": 0.002774090235237408,
    "((1, 7), (7, 24))": 0.0027699426947759166,
    "((2, 9), (9, 25))": 0.0027712901450748176,
    "((3, 8), (8, 26))": 0.002773509816824487,
    "((4, 10), (10, 27))": 0.0027699908772662336,
    "((5, 11), (11, 28))": 0.002772792214108933,
    "((0, 6), (6, 31))": 0.0019973357144606033,
    "((1, 7), (7, 32))": 0.001994290247472923,
    "((1, 8), (8, 35))": 0.0019491459132339095,
    "((1, 8), (8, 38))": 0.0019246894224110803,
    "((2, 9), (9, 33))": 0.0019822468295156727,
    "((2, 9), (9, 34))": 0.0019953063279551154,
    "((3, 8), (8, 33))": 0.0019969173010387117,
    "((3, 8), (8, 34))": 0.0019750879306584946,
    "((4, 10), (10, 35))": 0.001994382232573716,
    "((4, 10), (10, 38))": 0.001961603039574917,
    "((5, 11), (11, 36))": 0.001996388058110718,
    "((0, 16), (16, 23))": 0.002774091728086288,
    "((1, 17), (17, 24))": 0.002769931108387883,
    "((2, 19), (19, 25))": 0.002771282604248212,
    "((3, 18), (18, 26))": 0.0027735135414092243,
    "((4, 20), (20, 27))": 0.0027700248902030006,
    "((5, 21), (21, 28))": 0.0027727989907111476,
    "((0, 16), (16, 31))": 0.0019973369253596077,
    "((1, 17), (17, 32))": 0.001994274717051896,
    "((2, 19), (19, 34))": 0.001995303510897268,
    "((3, 18), (18, 33))": 0.0019969202655932025,
    "((4, 20), (20, 35))": 0.001994419160369989,
    "((5, 21), (21, 36))": 0.001996393048555286,
    "((6, 16), (16, 23))": 0.003841064767561029,
    "((7, 17), (17, 24))": 0.0038352556067730685,
    "((8, 18), (18, 26))": 0.0038402337355855957,
    "((9, 19), (19, 25))": 0.003837229539956511,
    "((10, 20), (20, 27))": 0.003835531354687027,
    "((11, 18), (18, 29))": 0.003156918365039624,
    "((11, 21), (21, 28))": 0.003839267941683334,
    "((6, 16), (16, 31))": 0.0024966759011788337,
    "((7, 17), (17, 32))": 0.002492831588614931,
    "((8, 18), (18, 33))": 0.0024961441104224273,
    "((9, 19), (19, 34))": 0.0024941806757032055,
    "((10, 20), (20, 35))": 0.0024931095774845587,
    "((11, 21), (21, 36))": 0.002495493757210698,
    "((12, 18), (18, 38))": 0.002303285335350689,
    "((6, 16), (16, 39))": 0.0016644533047523759,
    "((7, 16), (16, 45))": 0.0015857533063427457,
    "((7, 17), (17, 40))": 0.0016617673923276998,
    "((7, 18), (18, 43))": 0.001624126740969048,
    "((8, 18), (18, 41))": 0.0016640936669691222,
    "((8, 18), (18, 42))": 0.0016477069512390956,
    "((9, 19), (19, 41))": 0.0016533839918931718,
    "((9, 19), (19, 42))": 0.001662780248111426,
    "((10, 20), (20, 43))": 0.0016620386515296295,
    "((11, 21), (21, 44))": 0.0016636399506646067,
    "((14, 16), (16, 40))": 0.0016340049532020515,
    "((14, 16), (16, 42))": 0.0016241248392090209,
    "((0, 23), (23, 31))": 0.0019973336108268284,
    "((0, 27), (27, 38))": 0.0019253527487759039,
    "((1, 24), (24, 32))": 0.0019942632991776506,
    "((1, 26), (26, 33))": 0.001968159352924458,
    "((2, 25), (25, 34))": 0.001995317363920295,
    "((2, 26), (26, 33))": 0.0019868913055653666,
    "((3, 24), (24, 32))": 0.00196122116237456,
    "((3, 25), (25, 34))": 0.0019783141752682536,
    "((3, 26), (26, 33))": 0.0019969180850545154,
    "((4, 23), (23, 37))": 0.001921617651866976,
    "((4, 27), (27, 35))": 0.0019944537867441488,
    "((5, 26), (26, 34))": 0.0019272122615627543,
    "((5, 28), (28, 36))": 0.001996391742982486,
    "((6, 23), (23, 31))": 0.002496671458120635,
    "((7, 24), (24, 32))": 0.002492823383883894,
    "((8, 25), (25, 34))": 0.0024546778385069463,
    "((8, 26), (26, 33))": 0.0024961409483012045,
    "((9, 25), (25, 34))": 0.002494196195341468,
    "((9, 26), (26, 33))": 0.0024678643682928027,
    "((10, 27), (27, 35))": 0.0024931327797038673,
    "((11, 28), (28, 36))": 0.0024954911762539913,
    "((6, 23), (23, 39))": 0.0016644510510675082,
    "((7, 24), (24, 40))": 0.001661743653737224,
    "((8, 25), (25, 42))": 0.0016377198787750936,
    "((8, 26), (26, 41))": 0.0016640910290430556,
    "((9, 25), (25, 42))": 0.0016627937269635513,
    "((9, 26), (26, 41))": 0.0016447162752739703,
    "((10, 27), (27, 43))": 0.0016620472063784112,
    "((11, 28), (28, 44))": 0.001663637223901633,
    "((15, 23), (23, 41))": 0.0016037536458003018,
    "((16, 23), (23, 31))": 0.003566668522307235,
    "((17, 24), (24, 32))": 0.0035611728485121794,
    "((18, 26), (26, 33))": 0.0035659065008151816,
    "((19, 25), (25, 34))": 0.0035631839958079857,
    "((20, 27), (27, 35))": 0.003561722770939635,
    "((21, 28), (28, 36))": 0.003564961722275383,
    "((16, 23), (23, 39))": 0.0020805631791560256,
    "((17, 24), (24, 40))": 0.002077207173404422,
    "((18, 26), (26, 41))": 0.0020801111523231683,
    "((19, 25), (25, 42))": 0.0020785415572964804,
    "((20, 27), (27, 43))": 0.002077638817509987,
    "((21, 28), (28, 44))": 0.0020795357863322424,
    "((16, 23), (23, 46))": 0.0014686314240150628,
    "((17, 24), (24, 47))": 0.0014661129531560169,
    "((17, 26), (26, 50))": 0.0014300629179591399,
    "((18, 26), (26, 48))": 0.0014683087393776956,
    "((18, 26), (26, 49))": 0.001453591230149369,
    "((19, 25), (25, 48))": 0.0014582234435237113,
    "((19, 25), (25, 49))": 0.0014671832367950952,
    "((20, 27), (27, 50))": 0.0014665163581970547,
    "((21, 28), (28, 51))": 0.001467879883940618,
    "((6, 31), (31, 39))": 0.001664452459603251,
    "((7, 32), (32, 40))": 0.0016617083629344625,
    "((8, 33), (33, 41))": 0.0016640917826354642,
    "((8, 34), (34, 42))": 0.0016500245782824846,
    "((9, 33), (33, 41))": 0.0016569140815971197,
    "((9, 34), (34, 42))": 0.0016627990622870262,
    "((10, 35), (35, 43))": 0.001662011845862265,
    "((11, 36), (36, 44))": 0.0016636367934028855,
    "((13, 33), (33, 42))": 0.0016315563000208473,
    "((13, 35), (35, 43))": 0.0016380900962694274,
    "((14, 31), (31, 39))": 0.0016517386232477182,
    "((16, 31), (31, 39))": 0.0020805661139373134,
    "((17, 32), (32, 40))": 0.002077171300680272,
    "((18, 33), (33, 41))": 0.0020801131446300664,
    "((18, 34), (34, 42))": 0.0020468320795985285,
    "((19, 33), (33, 41))": 0.0020575320614081498,
    "((19, 34), (34, 42))": 0.0020785421693588447,
    "((20, 35), (35, 43))": 0.002077593764688268,
    "((21, 36), (36, 44))": 0.0020795360513841763,
    "((16, 31), (31, 46))": 0.0014686336130725884,
    "((17, 32), (32, 47))": 0.0014660853154821608,
    "((18, 33), (33, 48))": 0.0014683106715858273,
    "((18, 33), (33, 49))": 0.0014441659795930658,
    "((18, 34), (34, 49))": 0.0014456317680553424,
    "((19, 33), (33, 48))": 0.0014519441985858068,
    "((19, 34), (34, 49))": 0.001467178278945192,
    "((20, 35), (35, 50))": 0.0014664832754208807,
    "((21, 36), (36, 51))": 0.0014678800009011639,
    "((23, 31), (31, 39))": 0.0029372623374373653,
    "((24, 32), (32, 40))": 0.002932532870290078,
    "((25, 34), (34, 42))": 0.0029344835577707943,
    "((26, 33), (33, 41))": 0.0029366347381922686,
    "((27, 35), (35, 43))": 0.002933137610675901,
    "((28, 36), (36, 44))": 0.0029358023339290332,
    "((23, 31), (31, 46))": 0.0018493900896112802,
    "((24, 32), (32, 47))": 0.001846236069715675,
    "((24, 33), (33, 50))": 0.0017667660106081722,
    "((25, 34), (34, 49))": 0.001847616658178762,
    "((26, 33), (33, 48))": 0.001848987212415084,
    "((26, 33), (33, 49))": 0.001817080455844045,
    "((27, 35), (35, 50))": 0.0018467254367711282,
    "((28, 36), (36, 51))": 0.001848435427034309,
    "((29, 34), (34, 51))": 0.001698921943461348,
    "((16, 39), (39, 46))": 0.0014686321402516854,
    "((17, 40), (40, 47))": 0.0014661058343940644,
    "((18, 40), (40, 47))": 0.001439919336152172,
    "((18, 41), (41, 48))": 0.0014683119472361599,
    "((18, 42), (42, 49))": 0.0014577161641431623,