{
    "((0, 6), (6, 16))": 0.004539400619233393,
    "((1, 7), (7, 17))": 0.0045327631182581415,
    "((2, 9), (9, 19))": 0.0045348920297005844,
    "((3, 8), (8, 18))": 0.00453849671948688,
    "((4, 10), (10, 20))": 0.004532713289145767,
    "((5, 11), (11, 21))": 0.004537326153060726,
    "((0, 6), (6, 23))": 0.002774090235237408,
    "((1, 7), (7, 24))": 0.0027699426947759166,
    "((2, 9), (9, 25))": 0.0027712901450748176,
    "((3, 8), (8, 26))": 0.002773509816824487,
    "((4, 10), (10, 27))": 0.0027699908772662336,
    "((5, 11), (11, 28))": 0.002772792214108933,
    "((0, 6), (6, 31))": 0.0019973357144606033,
    "((1, 7), (7, 32))": 0.001994290247472923,
    "((2, 9), (9, 34))": 0.0019953063279551154,
    "((3, 8), (8, 33))": 0.0019969173010387117,
    "((5, 11), (11, 36))": 0.001996388058110718,
    "((0, 16), (16, 23))": 0.002774091728086288,
    "((1, 17), (17, 24))": 0.002769931108387883,
    "((2, 19), (19, 25))": 0.002771282604248212,
    "((3, 18), (18, 26))": 0.0027735135414092243,
    "((4, 20), (20, 27))": 0.0027700248902030006,
    "((5, 21), (21, 28))": 0.0027727989907111476,
    "((0, 16), (16, 31))": 0.0019973369253596077,
    "((1, 17), (17, 32))": 0.001994274717051896,
    "((2, 19), (19, 34))": 0.001995303510897268,
    "((3, 18), (18, 33))": 0.0019969202655932025,
    "((4, 20), (20, 35))": 0.001994419160369989,
    "((5, 21), (21, 36))": 0.001996393048555286,
    "((6, 16), (16, 23))": 0.003841064767561029,
    "((7, 17), (17, 24))": 0.0038352556067730685,
    "((8, 18), (18, 26))": 0.0038402337355855957,
    "((9, 19), (19, 25))": 0.003837229539956511,
    "((10, 20), (20, 27))": 0.003835531354687027,
    "((11, 21), (21, 28))": 0.003839267941683334,
    "((6, 16), (16, 31))": 0.0024966759011788337,
    "((7, 17), (17, 32))": 0.002492831588614931,
    "((8, 18), (18, 33))": 0.0024961441104224273,
    "((9, 19), (19, 34))": 0.0024941806757032055,
    "((10, 20), (20, 35))": 0.0024931095774845587,
    "((11, 21), (21, 36))": 0.002495493757210698,
    "((6, 16), (16, 39))": 0.0016644533047523759,
    "((8, 18), (18, 41))": 0.0016640936669691222,
    "((9, 19), (19, 42))": 0.001662780248111426,
    "((11, 21), (21, 44))": 0.0016636399506646067,
    "((0, 23), (23, 31))": 0.0019973336108268284,
    "((1, 24), (24, 32))": 0.0019942632991776506,
    "((2, 25), (25, 34))": 0.001995317363920295,
    "((3, 26), (26, 33))": 0.0019969180850545154,
    "((4, 27), (27, 35))": 0.0019944537867441488,
    "((5, 28), (28, 36))": 0.001996391742982486,
    "((6, 23), (23, 31))": 0.002496671458120635,
    "((7, 24), (24, 32))": 0.002492823383883894,
    "((8, 26), (26, 33))": 0.0024961409483012045,
    "((9, 25), (25, 34))": 0.002494196195341468,
    "((10, 27), (27, 35))": 0.0024931327797038673,
    "((11, 28), (28, 36))": 0.0024954911762539913,
    "((6, 23), (23, 39))": 0.0016644510510675082,
    "((8, 26), (26, 41))": 0.0016640910290430556,
    "((9, 25), (25, 42))": 0.0016627937269635513,
    "((10, 27), (27, 43))": 0.0016620472063784112,
    "((11, 28), (28, 44))": 0.001663637223901633,
    "((16, 23), (23, 31))": 0.003566668522307235,
    "((17, 24), (24, 32))": 0.0035611728485121794,
    "((18, 26), (26, 33))": 0.0035659065008151816,
    "((19, 25), (25, 34))": 0.0035631839958079857,
    "((20, 27), (27, 35))": 0.003561722770939635,
    "((21, 28), (28, 36))": 0.003564961722275383,
    "((16, 23), (23, 39))": 0.0020805631791560256,
    "((18, 26), (26, 41))": 0.0020801111523231683,
    "((19, 25), (25, 42))": 0.0020785415572964804,
    "((20, 27), (27, 43))": 0.002077638817509987,
    "((21, 28), (28, 44))": 0.0020795357863322424,
    "((16, 23), (23, 46))": 0.0014686314240150628,
    "((18, 26), (26, 48))": 0.0014683087393776956,
    "((19, 25), (25, 49))": 0.0014671832367950952,
    "((21, 28), (28, 51))": 0.001467879883940618,
    "((6, 31), (31, 39))": 0.001664452459603251,
    "((8, 33), (33, 41))": 0.0016640917826354642,
    "((9, 34), (34, 42))": 0.0016627990622870262,
    "((11, 36), (36, 44))": 0.0016636367934028855,
    "((16, 31), (31, 39))": 0.0020805661139373134,
    "((18, 33), (33, 41))": 0.0020801131446300664,
    "((19, 34), (34, 42))": 0.0020785421693588447,
    "((20, 35), (35, 43))": 0.002077593764688268,
    "((21, 36), (36, 44))": 0.0020795360513841763,
    "((16, 31), (31, 46))": 0.0014686336130725884,
    "((18, 33), (33, 48))": 0.0014683106715858273,
    "((19, 34), (34, 49))": 0.001467178278945192,
    "((21, 36), (36, 51))": 0.0014678800009011639,
    "((23, 31), (31, 39))": 0.0029372623374373653,
    "((24, 32), (32, 40))": 0.002932532870290078,
    "((25, 34), (34, 42))": 0.0029344835577707943,
    "((26, 33), (33, 41))": 0.0029366347381922686,
    "((27, 35), (35, 43))": 0.002933137610675901,
    "((28, 36), (36, 44))": 0.0029358023339290332,
    "((23, 31), (31, 46))": 0.0018493900896112802,
    "((25, 34), (34, 49))": 0.001847616658178762,
    "((26, 33), (33, 48))": 0.001848987212415084,
    "((28, 36), (36, 51))": 0.001848435427034309,
    "((16, 39), (39, 46))": 0.0014686321402516854,
    "((18, 41), (41, 48))": 0.0014683119472361599,
    "((21, 44), (44, 51))": 0.0014678798741122338,
    "((23, 39), (39, 46))": 0.0018493883111548922,
    "((25, 42), (42, 49))": 0.0018475930644244452,
    "((26, 41), (41, 48))": 0.0018489876866250306,
    "((27, 43), (43, 50))": 0.0018467701686118426,
    "((28, 44), (44, 51))": 0.0018484349853560161,
    "((31, 39), (39, 46))": 0.0024966869124869373,
    "((32, 40), (40, 47))": 0.0024925341880778777,
    "((33, 41), (41, 48))": 0.0024961364405852947,
    "((34, 42), (42, 49))": 0.0024943297456872086,
    "((35, 43), (43, 50))": 0.0024932183869724955,
    "((36, 44), (44, 51))": 0.002495379920511982
}